label,start_sec,end_sec,duration_sec
I,0.584000,1.512000,0.928000
I,1.560000,1.576000,0.016000
E,1.576000,1.592000,0.016000
I,1.608000,1.624000,0.016000
E,1.640000,2.872000,1.232000
E,2.904000,2.920000,0.016000
E,2.952000,3.000000,0.048000
I,3.960000,4.808000,0.848000
E,4.872000,6.248000,1.376000
E,6.264000,6.280000,0.016000
I,7.304000,8.136000,0.832000
E,8.152000,8.184000,0.032000
E,8.200000,9.192000,0.992000
E,9.224000,9.816000,0.592000
E,9.896000,9.912000,0.016000
E,10.168000,10.184000,0.016000
I,10.408000,11.368000,0.960000
E,11.432000,12.696000,1.264000
E,12.712000,12.728000,0.016000
E,12.760000,12.776000,0.016000
I,14.024000,14.648000,0.624000
I,14.664000,14.712000,0.048000
